arm,transform,parent,child,identity,pipeline,tier,verdict,max_dlogit,rel_ppl,exact
anchor_attack_HuggingFaceTB--SmolLM2-135M-Instruct,X1a+X1b+M1t,,,0.8458,0.8458,3,High-Confidence Match,,,
anchor_attack_HuggingFaceTB--SmolLM2-135M-Instruct,X1a+X1b+X5anchor+M1t,,,0.8454,0.8454,3,High-Confidence Match,,,
anchor_attack_HuggingFaceTB--SmolLM2-135M-Instruct,X1a+X1b+X5anchor+M1t,,,0.8441,0.8441,3,High-Confidence Match,,,
anchor_attack_HuggingFaceTB--SmolLM2-135M-Instruct,X1a+X1b+X5anchor+M1t,,,0.837,0.837,3,High-Confidence Match,,,
anchor_attack_HuggingFaceTB--SmolLM2-135M-Instruct,X1a+X1b+X5anchor+M1t,,,0.7672,0.7672,3,High-Confidence Match,,,
anchor_attack_HuggingFaceTB--SmolLM2-135M-Instruct,X1a+X1b+X5anchor+M1t,,,0.5793,0.5793,3,Not Matched,,,
anchor_attack_HuggingFaceTB--SmolLM2-135M-Instruct,X1a+X1b+X5anchor+M1t,,,0.4985,0.4985,3,Not Matched,,,
frac_sweep_HuggingFaceTB--SmolLM2-135M-Instruct,M1t,HuggingFaceTB/SmolLM2-135M,HuggingFaceTB/SmolLM2-135M-Instruct,0.9992,0.9,2,Confirmed Match,0.0,0.0,True
frac_sweep_HuggingFaceTB--SmolLM2-135M-Instruct,X1a+M1t,HuggingFaceTB/SmolLM2-135M,HuggingFaceTB/SmolLM2-135M-Instruct,0.9936,0.9,2,Confirmed Match,0.00011157989501953125,2.3681679391030351e-07,True
frac_sweep_HuggingFaceTB--SmolLM2-135M-Instruct,X1a+M1t,HuggingFaceTB/SmolLM2-135M,HuggingFaceTB/SmolLM2-135M-Instruct,0.988,0.9,2,Confirmed Match,0.0002574920654296875,4.7363358782060703e-07,True
frac_sweep_HuggingFaceTB--SmolLM2-135M-Instruct,X1a+M1t,HuggingFaceTB/SmolLM2-135M,HuggingFaceTB/SmolLM2-135M-Instruct,0.9767,0.9,2,Confirmed Match,0.0002536773681640625,9.472671756412141e-07,True
frac_sweep_HuggingFaceTB--SmolLM2-135M-Instruct,X1a+M1t,HuggingFaceTB/SmolLM2-135M,HuggingFaceTB/SmolLM2-135M-Instruct,0.9559,0.9,2,Confirmed Match,0.00026798248291015625,1.1840839695515175e-06,True
frac_sweep_HuggingFaceTB--SmolLM2-135M-Instruct,X1a+M1t,HuggingFaceTB/SmolLM2-135M,HuggingFaceTB/SmolLM2-135M-Instruct,0.9337,0.9,2,Confirmed Match,0.0002231597900390625,0.0,True
frac_sweep_HuggingFaceTB--SmolLM2-135M-Instruct,X1a+M1t,HuggingFaceTB/SmolLM2-135M,HuggingFaceTB/SmolLM2-135M-Instruct,0.9116,0.9,2,Confirmed Match,0.00017642974853515625,2.3681679391030351e-07,True
gate_HuggingFaceTB--SmolLM2-135M-Instruct,S0-identity,HuggingFaceTB/SmolLM2-135M,HuggingFaceTB/SmolLM2-135M-Instruct,0.9992,1.0,1,Confirmed Match,0.0,0.0,True
gate_HuggingFaceTB--SmolLM2-135M-Instruct,M1t,HuggingFaceTB/SmolLM2-135M,HuggingFaceTB/SmolLM2-135M-Instruct,0.9992,0.9,2,Confirmed Match,0.0,0.0,True
gate_HuggingFaceTB--SmolLM2-135M-Instruct,X2,HuggingFaceTB/SmolLM2-135M,HuggingFaceTB/SmolLM2-135M-Instruct,0.9518,1.0,1,Confirmed Match,0.24658560752868652,0.0011183673092414084,False
gate_HuggingFaceTB--SmolLM2-135M-Instruct,X2+M1t,HuggingFaceTB/SmolLM2-135M,HuggingFaceTB/SmolLM2-135M-Instruct,0.9518,0.9518,3,High-Confidence Match,0.24658560752868652,0.0011183673092414084,False
gate_HuggingFaceTB--SmolLM2-135M-Instruct,X1b,HuggingFaceTB/SmolLM2-135M,HuggingFaceTB/SmolLM2-135M-Instruct,0.9334,1.0,1,Confirmed Match,0.0001068115234375,2.3681679391030351e-07,True
gate_HuggingFaceTB--SmolLM2-135M-Instruct,X1a,HuggingFaceTB/SmolLM2-135M,HuggingFaceTB/SmolLM2-135M-Instruct,0.9116,1.0,1,Confirmed Match,0.00017642974853515625,2.3681679391030351e-07,True
gate_HuggingFaceTB--SmolLM2-135M-Instruct,X1a+M1t,HuggingFaceTB/SmolLM2-135M,HuggingFaceTB/SmolLM2-135M-Instruct,0.9116,0.9116,3,High-Confidence Match,0.00017642974853515625,2.3681679391030351e-07,True
gate_HuggingFaceTB--SmolLM2-135M-Instruct,X1a+X1b+X2,HuggingFaceTB/SmolLM2-135M,HuggingFaceTB/SmolLM2-135M-Instruct,0.8137,1.0,1,Confirmed Match,0.24657964706420898,0.0011186041260353187,False
gate_HuggingFaceTB--SmolLM2-135M-Instruct,X1a+X1b+X2+M1t,HuggingFaceTB/SmolLM2-135M,HuggingFaceTB/SmolLM2-135M-Instruct,0.8137,0.8137,3,High-Confidence Match,0.24657964706420898,0.0011186041260353187,False
gate_Qwen--Qwen2.5-0.5B-Instruct,S0-identity,Qwen/Qwen2.5-0.5B,Qwen/Qwen2.5-0.5B-Instruct,0.9994,1.0,1,Confirmed Match,0.0,0.0,True
gate_Qwen--Qwen2.5-0.5B-Instruct,M1t,Qwen/Qwen2.5-0.5B,Qwen/Qwen2.5-0.5B-Instruct,0.9994,0.9,2,Confirmed Match,0.0,0.0,True
gate_Qwen--Qwen2.5-0.5B-Instruct,X2,Qwen/Qwen2.5-0.5B,Qwen/Qwen2.5-0.5B-Instruct,0.9688,1.0,1,Confirmed Match,0.3353668451309204,0.0007482963846723179,False
gate_Qwen--Qwen2.5-0.5B-Instruct,X2+M1t,Qwen/Qwen2.5-0.5B,Qwen/Qwen2.5-0.5B-Instruct,0.9688,0.9688,3,High-Confidence Match,0.3353668451309204,0.0007482963846723179,False
gate_Qwen--Qwen2.5-0.5B-Instruct,X1b,Qwen/Qwen2.5-0.5B,Qwen/Qwen2.5-0.5B-Instruct,0.9269,1.0,1,Confirmed Match,7.915496826171875e-05,3.3316847046852984e-07,True
gate_Qwen--Qwen2.5-0.5B-Instruct,X1a,Qwen/Qwen2.5-0.5B,Qwen/Qwen2.5-0.5B-Instruct,0.9238,1.0,1,Confirmed Match,0.0003192424774169922,3.3316847046852984e-07,True
gate_Qwen--Qwen2.5-0.5B-Instruct,X1a+M1t,Qwen/Qwen2.5-0.5B,Qwen/Qwen2.5-0.5B-Instruct,0.9238,0.9238,3,High-Confidence Match,0.0003192424774169922,3.3316847046852984e-07,True
gate_Qwen--Qwen2.5-0.5B-Instruct,X1a+X1b+X2,Qwen/Qwen2.5-0.5B,Qwen/Qwen2.5-0.5B-Instruct,0.8375,1.0,1,Confirmed Match,0.33553946018218994,0.0007477966319666152,False
gate_Qwen--Qwen2.5-0.5B-Instruct,X1a+X1b+X2+M1t,Qwen/Qwen2.5-0.5B,Qwen/Qwen2.5-0.5B-Instruct,0.8375,0.8375,3,High-Confidence Match,0.33553946018218994,0.0007477966319666152,False
m2t_attack,M2t-overlap0.90,,,0.9889,1.0,1,Confirmed Match,,,
m2t_composed,M2t(overlap=0.0),,,0.974,1.0,1,Confirmed Match,,,
m2t_composed,X1a,,,0.9116,1.0,1,Confirmed Match,,,
m2t_composed,M2t(overlap=0.0)+X1a,,,0.8864,1.0,1,Confirmed Match,,,
m2t_composed,M2t(overlap=0.0)+X1a+M1t+M3t,,,0.8864,0.8864,3,High-Confidence Match,,,
q1_baseline,q1_baseline,,,0.9992,1.0,1,Confirmed Match,,,
q1_baseline,q1_baseline,,,0.9992,1.0,1,Confirmed Match,,,
q1_baseline,q1_baseline,,,0.9991,1.0,1,Confirmed Match,,,
q1_baseline,q1_baseline,,,0.9966,1.0,1,Confirmed Match,,,
sweep_embed_HuggingFaceTB--SmolLM2-135M-Instruct,sweep_embed_HuggingFaceTB--SmolLM2-135M-Instruct,,,0.9992,1.0,1,Confirmed Match,,,
sweep_embed_HuggingFaceTB--SmolLM2-135M-Instruct,X1a+X1b+N1emb+M1t,,,0.8458,0.8458,3,High-Confidence Match,,,
sweep_embed_HuggingFaceTB--SmolLM2-135M-Instruct,X1a+X1b+N1emb+M1t,,,0.8458,0.8458,3,High-Confidence Match,,,
sweep_embed_HuggingFaceTB--SmolLM2-135M-Instruct,X1a+X1b+N1emb+M1t,,,0.8458,0.8458,3,High-Confidence Match,,,
sweep_embed_HuggingFaceTB--SmolLM2-135M-Instruct,X1a+X1b+N1emb+M1t,,,0.8458,0.8458,3,High-Confidence Match,,,
sweep_embed_HuggingFaceTB--SmolLM2-135M-Instruct,X1a+X1b+N1emb+M1t,,,0.8458,0.8458,3,High-Confidence Match,,,
sweep_embed_HuggingFaceTB--SmolLM2-135M-Instruct,X1a+X1b+N1emb+M1t,,,0.8456,0.8456,3,High-Confidence Match,,,
sweep_embed_HuggingFaceTB--SmolLM2-135M-Instruct,X1a+X1b+N1emb+M1t,,,0.8448,0.8448,3,High-Confidence Match,,,
