sigma,pair_class,parent_family,recipe_family,_g
1.0,independent,gpt2,gpt2,1
0.891,derived,gpt2,gpt2,1
0.9992,derived,smollm2,smollm2,1
0.9994,derived,qwen,qwen,1
0.7801,derived,bloom,bloom,1
0.7752,independent,gpt2,bloom,1
0.6051,independent,qwen,smollm2,1
0.6378,independent,pythia,gpt2,1
0.5426,independent,bloom,qwen,1
0.4215,independent,smollm2,pythia,1
0.6534,independent,pythia,gpt2,1
0.6784,independent,gpt2,gpt,1
0.6745,independent,pythia,pythia,1
0.7378,independent,pythia,pythia,1
0.922,derived,bert,bert,1
0.73,derived,roberta,roberta,1
0.3481,independent,bert,roberta,1
0.6787,independent,bert,bert,1
0.7153,independent,smollm2,smollm2,1
0.5175,independent,bert,roberta,1
0.4998,independent,roberta,gpt2,1
0.922,derived,bert,bert,1
0.891,derived,gpt2,gpt2,1
0.7767,derived,roberta,bert,1
0.73,derived,roberta,roberta,1
0.9151,derived,bert,bert,1
0.8593,derived,bert,bert,1
0.4211,derived,bert,distil,1
0.73,derived,bart,bart,1
0.8034,derived,bart,bart,1
0.652,derived,bert,bert,1
0.7856,independent,pythia,pythia,1
0.6745,independent,pythia,pythia,1
0.781,independent,pythia,pythia,1
0.7262,independent,pythia,pythia,1
0.7257,independent,pythia,pythia,1
0.8915,independent,gpt2,gpt2,1
0.5149,independent,opt,opt,1
0.7153,independent,smollm2,smollm2,1
0.7378,independent,pythia,pythia,1
0.5486,independent,bloom,bloom,1
